BTC,Gold,Oil
0.553798211,0.00469888,-0.01969824
-4.123843662,0.001860465,0.006196581
0.769404898,-0.001700417,0.033667164
-0.84179006,0.005895586,-0.02770936
-1.305684507,-0.004702799,0.004004215
0.597609562,0.0033323,0.016162888
1.831930693,-0.00308642,-0.019230769
4.075476248,0.005111128,0.005249895
-0.818580124,0.013640567,-0.027563166
1.325247447,-0.001211662,-0.008962868
-0.519329442,-0.0005324,-0.007557763
1.779114202,0.006163914,0.027856366
5.370895685,-0.006941853,0.004460493
-0.205498059,0.003507986,0.000211372
3.726559447,-0.004460967,0.002113718
3.092183399,0.008439134,0.029187817
-6.755821324,-0.002067947,0.011730809
0.012864589,-0.004323518,-0.001017501
-8.987569367,0.00075092,-0.032796904
6.318526797,-0.006136806,0.010298445
5.800540022,0.001280506,0.002285952
1.555055771,-0.006373247,0.01985933
-8.714612738,-0.009969789,0.01176232
-0.560147567,7.63E-05,0.003419147
-3.015865934,0.001293071,0.001203611
1.320534859,-0.00766401,-0.008615508
-1.066387872,0.002627309,0.011436597
-5.169338321,0.007683442,-0.003351735
-19.14249493,-0.00951149,-0.001379854
16.05986179,-0.007322901,0.03038674
1.114313788,0.002801338,-0.004604758
0.400517742,-0.004108209,0.000959877
9.349864499,-0.004991421,-0.009414025
-3.693596059,0.001178226,0.001744862
-0.256774867,0.001804629,-0.020526723
-7.197961948,-0.003365949,-0.003360348
0.084334398,0.003384228,-0.003588517
5.120304348,0.005005475,0.018243785
-3.162289591,0.005439851,-0.028768473
7.123731564,-0.001394592,0.006700508
-1.162169043,0.001467635,0.02764884
8.001318785,0.006635802,0.007067138
-0.420074855,-0.00229709,-0.007843137
-0.102656629,-0.008479803,0.014192785
4.874491018,-0.003030539,0.008555318
-0.000228389,0.005612722,-0.000962835
-0.454545455,-0.008900929,0.001925298
-1.598173516,-0.000468201,-0.014601345
-2.463788269,-0.00436171,0.000972384
1.992116124,0.000782473,-0.003264836
1.157909604,-0.007038949,0.011177491
1.235980774,0.002996845,-0.007229833
4.858757062,0.002668132,0.008622341
3.167025862,-0.005557295,0.020833333
-0.081262599,0.004324579,-0.000184638
0.802206119,0.002274153,0.005547337
12.62218885,-0.006497065,-0.006404392
3.86011739,0.008577949,0.004789978
3.893628319,-0.005301731,0.016627078
-2.477186283,0.00571921,0.024656066
0.876007005,0.001166407,-0.00122228
-2.864583333,-0.009175739,-0.002633427
-1.482394996,0.002822865,0.005628848
3.099945583,0.003127688,-0.004910558
5.748410697,-0.002342469,-0.002460457
0.187072228,0.000156495,-0.017983075
-0.887016576,0.013841101,0.004903741
-0.988619247,-0.014527471,-0.002893309
-7.317745923,0.003994987,0.023529412
3.324362802,0.000540082,-0.010583877
3.380363662,-0.003317645,0.007981554
-1.585527921,0.005340557,0.015756303
-0.851998426,0.000307977,0.007072624
8.056070249,-0.009090909,0.015503876
-0.203978145,-0.007926024,-0.014249364
5.595602988,0.003443149,0.002246803
4.50224354,7.83E-05,-0.007448467
3.938418532,-0.011101556,-0.000174186
1.493942493,-0.001734605,0.016370603
3.402239207,-0.009563705,-0.01457476
-0.166637897,-0.000880352,0.00243563
-5.241317341,-0.001841178,-0.025935596
1.179079081,-0.001768631,0.012321429
3.295615276,0.001845463,0.012533098
-3.05380932,-0.000794849,0.012925764
-8.080519847,0.001592991,-0.015167184
-3.966630786,0.0061218,-0.014795474
-6.949824261,-0.000948317,0.005996473
10.72014439,0.003795066,0.002624672
1.685743405,0.001418663,-0.00366045
10.09840343,0.006691333,0.002792321
8.623590152,0.006645817,0.00745751
-2.257083298,0.002795465,0.005860048
1.066795486,0.004024768,0.004466586
3.556585081,0.009094412,0.003081664
1.922401457,0.00827396,0.026883562
-1.132177939,-0.000379075,-0.002508781
1.419215458,0.00463702,0.005207458
-2.587625698,-0.001585624,0.008512769
1.471701266,-0.001059162,-0.000331895
6.892992865,-0.005676658,0.00282392
4.919287727,0.004568644,0.020533201
5.718667835,0.003795066,0.000806972
2.557512953,-0.001794661,-0.007431341
-2.110886459,-0.002833918,0.001947736
1.559474312,0.000149365,0.016795866
9.616651418,-0.00015067,0.002523261
1.067003,0.004596835,0.004724409
2.409680547,-0.001574213,0.011483404
4.035588483,0.002775694,-0.002173238
0.79247071,0.011291041,0.007000622
15.79355445,0.003889337,-0.010864504
22.05583687,0.00332668,0.001252152
-4.065148705,-0.006352959,-0.001872951
-7.430919395,-0.00297619,-0.005804832
1.675445596,0.000968848,-0.001886496
11.13301855,-0.000222519,0.009236068
-1.268354424,-0.01101908,0.018472524
-2.015779817,0.001423648,-0.005616272
1.828551629,-0.010125828,0.013639847
7.202085191,-0.009045681,-0.009368389
9.053303655,-0.001287196,-0.015717992
-1.270189597,-0.004012112,0.010932375
-0.046382189,0.007060967,0.016059296
-8.278687438,0.004075472,-0.008183058
-4.661524585,0.019596066,-0.014592934
-5.994228337,0.001699926,-0.000630616
-14.09962466,0.004443786,-0.033322904
-0.199675686,-0.013121803,-0.0089141
1.503759398,0.000676082,-0.020354129
1.476592593,0.004901222,0.002875507
14.52383837,-0.002549299,-0.002695872
-1.591281466,0.001803969,0.027466938
-8.265604655,-0.012164902,0.010377203
1.265992166,-0.000758208,0.00374288
-13.48481361,-0.010687486,0.003414079
11.10772695,0.004097117,0.010857235
-2.447204471,-0.00377387,0.004380983
9.661743695,0.010749432,0.000811293
1.562355344,-0.008883912,0.023312683
0.938569698,-0.003393153,0.015175719
12.62208192,0.000982838,0.004874214
0.645032337,-0.002492259,-0.016390884
-5.388232661,0.002871609,-0.018315018
-8.115926838,-0.000829125,-0.009098294
-3.372176824,-0.005208727,-0.001467232
3.514269842,-0.003417375,0.016571893
-11.38701473,0.003732196,0.000319591
3.786230735,-0.003494113,-0.018459069
3.345830348,0.008316801,-0.019729333
-5.172484166,-0.003587444,0.029367845
0.459638611,0.015125421,-0.011916264
-19.25925926,0.00762624,-0.01075444
0.814679646,-0.002368441,0.001478561
-0.096786629,-0.015616905,0.003937654
4.698722628,-0.001504551,0.018793921
11.5465125,0.01242236,-0.002731801
-9.920467507,-0.005724907,0.020933977
-6.677797051,0.002618389,0.022755807
0.36366002,-0.00643183,-0.018320611
5.100869143,0.004813116,0.024891101
-1.539124367,0.001569507,-0.005311077
-0.855633142,0.004552918,-0.004272852
3.625214176,0.012582831,-0.004945904
3.304092703,-0.01061712,0.003864585
-5.294214201,0.007700359,-0.029271299
-9.000800881,0.000666765,0.009858483
0.538611926,0.000296494,-0.003459663
-10.31181029,0.002295616,-0.000943396
-3.810387966,-0.002661934,-0.025745683
3.684536173,-0.00756396,0.022903226
-11.03428711,-0.00913037,0.034913112
-15.15894274,0.005203228,0.018752859
10.26726209,-0.006906907,0.004794007
-0.731807363,-0.004757589,0.00312593
2.434794052,0.004097117,-0.015169542
11.56099291,-0.003625378,0.001505571
-1.726639582,-0.006990881,0.026844631
-5.508677653,0.000919963,-0.006690909
10.40673031,0.005515128,0.001757984
-4.078400539,0.001447288,0.006156552
10.71823994,-0.001671352,-0.018129079
5.821282161,-0.000304391,0.004428044
1.590758423,-0.00174865,0.002351904
8.699034174,0.007236441,-0.001612667
-5.943358198,-0.000832199,0.006162876
7.498691568,-7.59E-05,-0.019107351
0.483353981,-0.017438319,0.006519484
-6.766103294,0.001085187,0.01108156
-6.015698792,-0.000620059,0.017810219
3.214185654,0.001007752,0.012598425
-4.308837,0.000465008,-0.013851207
-1.078032825,-0.000616238,0.015560314
7.653806048,-0.000848831,0.001825074
2.403255498,0.009090909,-0.010496851
-2.433503113,0.00252738,0.005954069
5.756156519,0.001459069,0.00224877
1.058648621,0.002609163,0.006617854
3.854428711,-0.000995406,-0.0009782
0.44075304,-0.002839601,-0.004469274
-0.529743812,0.000462713,0.010773751
-6.447140986,0.004473928,-0.005514959
-7.525605423,0.000615101,-0.00374428
-6.441574168,0.001614267,-0.015592371
-0.432391252,0.001075847,-0.03920736
-4.981365114,-0.00023015,-0.00118624
8.703886562,-0.003909544,-0.005045259
-4.219091065,0.001308095,-0.012139156
0.204351169,0.003990484,0.020344054
-10.72911476,-0.020981698,-0.017584994
0.696113519,-0.000780579,-0.018786343
0.230797793,-0.001639728,-0.014609648
-5.268765133,-0.002192124,0.008931321
4.677652508,0.00063007,-0.011906579
5.01892783,0.001655368,0.013523897
3.664568162,-0.002593932,-0.003637466
-0.280135938,-0.005839186,0.00823673
-1.822434219,-0.003490678,0.004693414
2.04162844,-0.002074027,0.009544008
-3.94671186,0.004001601,0.004052837
-0.716190476,-0.00933461,-0.028955224
-3.965814024,0,0.022515528
-4.164013267,0.000874612,-0.011394713
1.972802293,-0.002066116,0.017048072
-10.80799567,0.003105837,0.003060912
-3.525026234,-0.00246325,0.040194145
1.223202695,-0.009787539,-0.009745455
-1.574544929,0.003461322,0.034012608
3.566558687,-0.005209586,0.02942841
4.830711342,-0.001047542,0.01632766
-8.225425072,-0.010880077,0.011182326
-0.372860906,0.000733496,0.004346645
-2.490546529,-0.002688829,0.000809935
4.459818311,0.006705372,-0.006566604
1.771945573,-0.005077779,-0.017378418
-3.256578197,0.00097292,0.00874795
0.91940633,0.006243412,-0.000270746
1.670136675,-0.004432624,0.000945435
13.93803083,0.001055709,-0.05148248
-0.575287865,0.000324913,-0.003824363
1.542752251,0.002519301,0.008951407
4.385307346,-0.00413726,-0.034883721
-3.472741701,-0.003375319,0.00073497
-2.230648289,0.005921053,0.017009318
3.574216572,-0.004776021,0.006666667
1.272450786,0.002056259,0.015420089
7.047997061,0.001887257,-0.004107379
0.7138403,-0.001718494,0.010619469
-1.438985296,-0.000819672,0.007706849
1.688084046,-0.016004596,0.003315076
7.678419521,-8.38E-05,-0.012791032
-7.786392708,-0.013732834,0.016229532
4.464604808,0.000845309,-0.018415418
-3.794959119,0.002964343,-0.011252375
4.852866124,0.003528226,0.016209844
0.759520753,0.002255074,-0.007247427
-1.816175783,0.000249377,0.005243991
-1.88762504,-0.007316262,0.003918723
1.944114962,0.018210809,-0.031118831
5.430366757,0.001235076,0.000299446
-0.369333333,-0.001901298,0.013335331
1.544163064,0.004060998,-0.008557096
-2.078063745,-0.006267524,-0.00563631
-3.064065699,0.000331592,-0.024166917
-1.894714362,-0.006545153,0.007852194
1.438221835,0.003424658,0.006720635
-3.306122449,0.001496881,0.007889546
-6.689579559,-0.004313205,0.01095767
0.713780969,-0.000749563,0.026937046
2.410140358,0.0014995,-0.003525782
-0.188600771,0.006148733,0.012076583
-2.32438416,-0.003464203,0.004375091
-1.559914914,-0.004558263,-0.005802989
-3.463865546,0.005000833,0.01415232
2.500242573,-0.002901194,0.007746378
-0.05486762,0,-0.003711105
3.564588042,0.002068167,0.000143041
-1.70904788,-0.008910156,0.003003862
-4.885958919,0.000332226,-0.000286164
-5.956661051,0.001662372,-0.010226127
0.973880125,-0.005309,-0.012674825
-1.609581224,-0.010296334,-0.001915144
-1.649861405,0.007920458,-0.004128576
0.068039269,-0.003678622,0.025470161
-3.270068497,0.011989603,0.006867935
5.103394844,-0.003396852,-0.023490888
-1.23219398,0.000166472,0.002907399
1.39445982,0.001578466,-0.000290149
0.480961281,-0.013821815,0.015261628
1.582500223,-0.00058715,0.020226653
1.01416691,0.000586904,-0.008264463
-2.945972783,0.024793388,0.008262108
1.843194871,-0.004642828,0.013213382
0.422204273,0.003272251,0.000415225
0.421607068,0.000406339,-0.007213206
-1.139501864,-0.000488599,0.001527566
-1.469203413,0.00375357,0.014824051
-9.700563154,8.14E-05,0.027425297
1.581670362,-0.004794799,-0.002519226
-4.976717113,0.009550241,0.017172524
-3.632771822,-0.002188361,-0.024284589
5.453869355,-0.00339641,-0.004419446
-3.762349989,0.000890905,-0.001478495
1.62962127,-0.007117438,0.010106455
-0.507365985,-0.005357578,-0.019957139
4.165076055,-0.007920307,-0.023527793
0.444319284,0.018083183,0.004930272
0.319139466,-0.00161904,-0.000974252
-0.65604942,-0.001782098,0.002788622
-10.01371007,-0.005756446,-0.033531938
1.721160717,-0.000162747,-0.01970584
-0.211545403,-0.002117781,0.006406523
1.858112236,-0.012823654,-0.003457715
-2.89859245,-0.000249667,-0.044859813
1.118384936,0.002424141,0.009823183
-4.576403526,0.006069172,0.014617239
5.92906182,0.0026407,0.009559373
3.100233627,0.007081686,-0.007549963
-0.536216101,0.002208408,-0.0074985
4.00058483,-0.002776417,-0.015229192
-1.533266115,0,-0.018341554
1.166792863,-0.003746539,-0.005669291
-0.855360161,-0.001381664,0.001746309
1.234148135,-0.007000407,-0.007814992
2.226848357,0.007289704,-0.001133787
-0.612721145,0.002689267,-0.015736535
-0.744625378,-0.00317099,-0.009218107
-5.4912514,0.009610686,-0.012685338
1.288886136,0.008331311,-0.054177989
-1.999037326,-0.001606942,0.017731138
-0.589148031,0.000482703,0.007854338
0.602133374,0.007642185,-0.002120891
1.633524772,-0.004937878,0.000705219
5.810375896,-0.002080333,-0.069001568
8.836543796,0.001361852,0.023225323
0.88090917,-0.002638522,-0.011346999
1.142391911,-0.003851709,-0.077570435
-1.758367408,0.007241712,0.019952588
0.835574115,0.003120749,0.000388048
-0.060276379,0.002313522,-0.034555577
4.411625498,0.016760225,0.022659511
8.749295811,-0.004273843,-0.006631558
-2.638962326,0.008804632,0.009532888
-3.126731518,-0.000392619,0.002258611
3.391035354,0.008660735,0.005704507
0.44537691,0.003912363,-0.027205743
-0.170698258,-0.001325019,0.016421947
-0.451468093,-0.000700389,-0.019796271
-5.39038598,0.004889406,0.014934172
-1.694617273,-0.008252989,-0.015399423
-0.978542331,0.002253302,0.026953125
-1.420862616,-0.003101016,-0.030853682
-5.429240975,0.004587513,-0.026731707
0.204712233,-0.005638372,-0.059397884
-1.27231752,0.001475614,0.027650773
-3.099351118,-0.002553389,-0.031863262
-6.4819816,-0.003095017,-0.01427027
3.923434772,0.003256824,-0.064246425
-5.908000104,-0.001236572,0.00372093
1.369847417,0.001483564,0.078646441
1.378534524,0.003361739,-0.04229283
-0.986120446,-0.000464828,-0.002420775
-0.962989637,-0.00186292,0.004201681
1.277940815,0.014152411,0.002621805
0.741867469,0.000611387,0.016157205
4.250949968,0.005120367,0.017942067
-2.904375106,-0.001138952,0.022601279
1.402169081,-0.000150898,0.004554865
-3.437884502,-0.002941176,0.021547301
3.663413854,-0.002495085,0.051405622
-1.837814314,0.0018226,0.007857417
2.553056391,-0.003789601,-0.013198164
2.400613027,0.002517354,-0.023583994
0.697773883,0.003195617,0.026191414
-0.499581207,-0.004872849,0.005961538
3.114029851,0.001829826,-0.004397706
2.444529379,-0.000609942,0.030059353
-0.646884273,0.003283445,-0.00592922
-0.687737178,-0.002188679,0.010808796
0.377531912,0.011736383,-0.021589429
2.692830481,0.002976412,-0.006232295
1.394695879,-0.010359991,0.012964728
-0.533826349,0.005279831,0.009779951
1.322593969,-0.001801937,-0.02931292
-8.955639655,-0.001052711,0.022831926
-2.706475922,-0.007531822,0.018595041
-1.861331566,-0.004236968,-0.009027266
-3.291199805,-0.012390726,0.023143862
1.063045468,-0.005330655,-0.01373825
0.955494493,-0.002407206,-0.021873861
-0.270596119,-0.000931099,0.005211241
0.724932465,-0.000932184,-0.024100853
2.346883075,0.009792492,0.002471953
-0.16586023,-0.005469111,-0.004747436
0.591820129,0.001235808,0.012006861
-0.152878913,0.005761254,0.010309278
-3.867490862,0,0.008339511
1.404454374,0.005634455,0.020374449
0.875893056,-0.000384025,0.002848496
1.564455569,0.002147733,-0.001065152
4.11306223,-0.000153763,0.005557548
-0.532030578,-0.003791901,0.01751877
-0.223856732,0.002508743,-0.004891684
-1.870039557,0.007047056,0.007389163
-2.034211462,-0.00519461,-0.029560959
0.310467936,-0.003631686,0.000721241
3.421389521,-0.014980989,0.01769437
-0.815353888,0.002702703,0.003859649
-0.575771187,-0.002312673,-0.024816498
0.43818566,0.002476397,0.013612753
-0.22575782,-0.001233711,0.001948627
-1.27397882,-7.73E-05,-0.001066098
-0.241963042,-0.000694177,0.008185053
1.286941187,0.003791983,-0.006379585
0.666900294,0.005147511,0.012841091
-0.623601305,0.004357132,0.001937984
0.285305407,-0.01455349,0.020493957
0.872981561,-0.000463034,0.00445587
-0.245766154,-0.002086553,0.000170911
-0.38562825,-0.010536102,0.01094953
-5.694088121,-0.002110199,0.000338926
0.724485863,-0.000156715,0.013724161
0.554620514,-0.000312989,-0.000166694
0.101375037,-0.002975724,-0.013863371
6.51739771,0.003923415,-0.002712784
0.100259163,0.001408561,0.013870095
-0.323388676,0.007583457,-0.010328169
-1.781418932,-0.005818464,-0.001683502
-1.360938879,0.000858235,0.010246934
0.911641813,-0.000778089,0.022410359
0.066659378,-0.005084083,0.012457531
-0.135354136,0.007628185,-0.002873563
-0.420743937,0.001560306,-0.0064
0.182955393,0.002495321,0.014474107
-0.5896318,-0.003266957,0.016895626
0.160842385,0.002574304,-0.006521739
-0.505151691,0.001867704,0.006072874
-0.240869405,0.010478926,-0.013957816
-2.240856219,-0.00345941,0.002825302
-0.214831744,-0.000154083,-0.005646173
0.66224224,-0.008861832,0.007550731
0.635526696,-0.008934121,-0.008706468
0.374102964,-0.000234815,0.003921569
-0.710577043,-0.003521954,0.0265625
1.531778334,-0.000156937,0.008365019
-0.259950508,0.009777083,-0.004231525
0.774773187,0,-0.009117155
0.854396855,-0.006199148,-0.028097651
-1.499135056,0.001557269,0.008737093
-0.923633917,0.006018446,0.005190311
0.203427108,0.013841633,0.003154574
0.227655567,0.011733333,-0.028297438
0.03658512,-0.000679604,0.006336312
0.092689036,0.002556007,0.013348527
-8.307348838,0.00493975,-0.012385395
-2.768201176,0.004777189,0.011067708
-1.756964022,-0.008872651,-0.005159626
-0.394296505,-0.000450518,0.000324465
0.559631577,0.004659552,-0.009894566
-13.28007715,0.004410226,0.015116661
-7.215777262,-0.001485332,0.010591494
2.218464838,-0.001932367,0.012073406
-6.244904614,0.0050599,-0.005703422
1.137294379,-0.001184834,0.002701414
-10.94271939,0.023744962,-0.003638089
3.866608367,0.006397355,-0.024305004
-5.539427054,0.010185911,-0.05545588
0.278435482,-0.003301953,0.007215255
10.04275434,0.003126777,-0.002884289
0.792574483,-0.000495505,0.006636039
-5.922173698,-0.00254723,0.003393281
3.680773618,-0.000721189,-0.004401557
-0.715107206,0.015726446,-0.042794317
-6.646717381,-0.000492403,-0.052426497
1.721599275,-0.013180152,-0.003182329
-4.584685319,-0.000713776,0.011155228
-6.891180435,0.001859933,-0.022323118
-2.998218739,0.008928571,0.018002323
0.216243533,-0.010132996,0.016760829
3.928345293,0.004266818,-0.018067847
-3.258005518,-0.002962545,-0.002994572
-1.561439833,-0.003671279,-0.035822021
1.946301376,0.011889506,0.02369297
-4.187582333,-0.000280014,0.006324262
-2.358830548,-0.014914037,-0.010857143
-0.417649813,-0.001120056,0.037536092
0.528067603,-0.003015428,-0.006100943
8.666489121,0.003843466,0.046747967
4.102273278,-0.00819843,0.002968914
0.252395292,0.006606691,0.003118503
10.64505288,0.000977722,0.001558711
-5.261781009,0.001597777,0.00917743
2.829503288,-0.004086722,0.002699511
-0.486210119,0.004769921,-0.01266464
1.992513442,0,-0.00303695
-6.591340387,0.016800889,-0.048867095
0.859150568,0.002093039,0.015046911
-5.554379073,0.022938582,-0.010625327
7.605895922,-0.001719463,0.002265598
-3.742641313,-0.004881588,-0.001904102
2.845773674,0.005300822,0.004690757
-2.635204779,-0.005386586,0.034760274
2.59130073,0.00978189,-0.00397088
1.636002055,0.003013232,-0.004134965
-2.35355418,-0.00671491,-0.011120332
0.658579316,-0.007485227,-0.027674654
-0.504737355,0.006240457,-0.01286509
5.740469675,-0.001778188,-0.022968198
-0.305194577,0.001471473,-0.001615219
-0.543910118,0.019088017,0
0.283153623,-0.00530607,0.010681859
-9.585835817,0.009432121,-0.023589027
0.430298839,-0.001739915,0.002146691
-0.504816303,-0.008067639,0.004827463
-2.993499065,-0.005010085,0.011921708
4.271098126,0.010849792,0.017171894
-2.01374487,0.002827763,0.004113816
1.091453564,-0.022992186,-0.06741573
0.678482338,-0.007315626,0.020535387
-0.51061074,-0.00349512,-0.012459372
1.959180721,-0.005175846,-0.024021838
-3.450044329,0.006225316,-0.043616623
-0.349225544,0.00166124,0.004012994
1.248979268,0.002690161,0.030635401
-0.492660507,0.002066667,0.01122975
0.468622026,0.004580153,0.04330349
-0.105909943,0.004040538,-0.026612619
-0.040373568,0.002796272,-0.007832423
-0.414514166,0.002860945,0.002374863
-3.26474275,0.006572461,0.022743814
-0.668608037,0.011220381,0.004278075
1.411713646,-0.017859462,-0.006601249
-0.676789588,0.002845986,-0.010547015
0.81447832,-0.003571901,-0.02131888
1.229565016,-0.019178265,0.007323944
-1.311335993,0.00744249,0.021763393
0.147768579,0.016524448,0.001256507
0.241682596,0.005446334,0.014853257
-1.906918196,0.000398512,-0.027017482
-0.252421485,0.004808977,-0.003636364
7.669491525,0.005237008,-0.002736727
0.13414311,-0.001715719,-0.019272727
0.405982789,-0.00655282,0.043397626
-1.323459474,-0.006407262,0.006255585
0.0112915,0.003753351,0.005872931
-0.608837646,-0.009481205,0.018485915
-0.492747358,0.006196121,-0.010856454
0.331423702,0.002743943,-0.036966661
0.441916563,0.000605123,-0.015018773
1.392229392,-0.00501471,-0.00543971
6.297817113,0,0.023096942
0.267874325,0.003084971,-0.042285345
1.59673436,0.006420975,-0.011902738
-0.816930076,-0.001265486,-0.001202749
0.627077878,-0.00769537,-0.009548167
3.931347804,-0.002208835,-0.010295359
-9.092763477,0.004034427,-0.019678303
2.253469959,0.010675207,-0.003703704
-0.501770956,-0.00198544,-0.004939143
0.229962907,-0.00349512,-0.01061759
-0.113932803,-0.018457264,-0.043685886
0.229140122,0.001072746,-0.012159175
-0.058605452,-0.001772566,-0.025185185
-0.3198978,-0.005309373,-0.00038117
-2.41692319,-0.001986301,0.00994454
3.811253734,-0.001924531,0.001138736
0.110431929,-0.000136659,-0.003408445
0.305553829,0.006420765,0.000380445
-0.225628158,-0.00122524,0.016321883
2.022313759,0.002793296,0.015219005
-0.674793264,0.003815494,-0.023861566
-1.133302179,-0.001765585,-0.013081667
0.287219012,-0.007290893,0.008314437
-0.42985662,-0.001427697,0.017739196
0.287635799,-0.002521295,-0.005731189
1.202954771,0.004174365,-0.007447403
2.077228459,-0.005270002,0.014422176
-0.620072991,0.007525484,0.030755064
0.149679169,-0.000748147,0.005903399
0.694613361,0.011357417,0.010522561
0.63621972,-0.002022654,-0.014827891
-1.54339309,0.002094595,-0.004659498
0.152731201,-0.010779661,-0.008463893
0.454375622,0.000546411,-0.013114754
-0.34523129,0.001300746,0.037857802
-1.383742343,-0.002771956,0.002304556
0.332361827,0.00190541,0.011845827
2.260957209,0.008543504,-0.015892421
-0.291366924,0.000337838,0.014196983
1.862609291,0,0.002803083
0.066516578,-0.001148338,-0.009407666
-0.074020146,0.001558371,-0.001582
1.026706058,-0.001354371,0.005810882
17.19732467,0.004249865,-0.010803276
1.552543755,0.006985961,0.014232999
-0.687873916,0.006981847,-0.014340014
2.170194176,0.001055061,-0.02970123
0.777828394,0.00178112,0.035351704
2.542606509,0.003765359,0.027719298
1.288714129,0.004667982,-0.009260847
-1.687162825,0.012482844,0.001553867
3.072815534,0.0039035,0.008459945
-5.47282709,0.004402195,-0.002745838
0.610678503,0.002248346,0.001897533
-0.035268476,-0.002182705,-0.050920351
1.661234881,0.004061372,0.008833604
-2.072192513,-0.007933461,0.002501787
2.960626474,-0.002582978,0.035442141
0.562457961,0.004654771,0.001199452
1.077000852,-0.003918797,0.015089163
0.004564091,0.003024258,-0.001522585
0.628484715,-0.004986575,0.005431093
-0.694702914,-0.000192678,-0.00507958
1.89694165,0.004409791,0.005095109
2.541841356,0.009509735,0.011960916
-1.382466659,-0.001513145,0.005678971
-3.602954755,-0.007119904,0.011788145
1.793516676,0.002544529,0.006275805
-0.363311383,0.00429727,0.005915215
0.223389209,0.00603788,-0.010963836
-1.349765811,-0.009638253,0.001820891
1.578231968,-0.016440089,0.007916873
1.151084003,0.004305636,-0.004231082
2.037264081,0.006410256,0.007843137
5.057135734,0.002364368,-0.000161996
1.019474511,0.002348014,-0.000486145
-0.929872741,-0.003373862,-0.010051881
-0.439792281,0.000254582,-0.003088427
1.676892896,0.005733214,-0.006818182
2.410910074,0.004378728,0.030565544
3.716930642,0.008191556,-0.006906294
2.630939057,0.004361914,-0.003338102
10.99674361,0.003405573,-0.051400382
-1.539376844,0.015624035,-0.007167861
11.80312389,0.00143352,-0.009562154
1.949043181,0.001821494,-0.016260163
2.826968532,0.001401755,0.003446493
-3.702864949,-0.009348613,-0.006701031
-6.524736709,-0.046454917,0.007228916
-1.330064933,0.005303365,-0.000853388
12.27946404,0.029852618,-0.001516173
-2.574761228,0.001768185,-0.009278003
-0.406820576,0.017835329,-0.014027379
-3.492323341,-0.000418385,-0.026089942
2.932824668,-0.009984639,-0.00926751
1.463958369,-0.007477866,-0.026934818
0.764515627,-0.004244225,-0.010428305
7.371681416,-0.026207826,0.013454614
1.669426209,-0.041700891,-0.01185844
-0.421364361,-0.049430874,-0.017894142
-0.81669223,0.037841149,-0.025699169
-4.359683109,-0.032534695,-0.017643599
3.482478741,-0.005311996,-0.00660793
-0.127761543,0.000337041,0.025045445
2.116768674,0.04262795,-0.004299394
-6.992665597,0.023046586,-0.015456858
-5.281517461,-0.018733113,-0.010973663
1.163776954,0.0110218,0.006651885
0.110824265,0,0.024219376
2.477794742,-0.012143802,-0.005800464
-1.069314972,-0.021807623,0.010483401
-3.383667204,0.001258336,-0.00171592
4.656528881,0.022029456,-0.002674818
-1.204109761,0.005663281,-0.003446295
3.078542531,0.029402738,0.022448196
1.118405835,-0.013707457,0.005233645
5.276737857,0.003335915,-0.006698921
1.824323075,0.044205208,-0.022243346
1.618019764,0.013240418,-0.028615924
4.031721211,0.004200965,-0.026956869
-2.476125226,-0.010181446,-0.031667695
1.910598692,-0.006767995,-0.037212304
2.845978283,-0.015445591,0.06979405
6.742970731,0.010750148,-0.01131601
5.606770172,-0.014883558,-0.003408607
1.650386802,0.020668193,-0.026098027
1.381264356,0.005125252,-0.104361033
6.912348201,-0.011754587,-0.052935808
10.76465493,-0.012148997,0.131379651
-13.50082987,-0.001275806,-0.047371462
9.449611165,-0.003859649,-0.047475053
-4.061639099,-0.02046716,0.03119922
-8.813060094,0.00468398,-0.14962963
-2.111368054,0.001227209,-0.06064831
2.051313424,-0.000233781,-0.243875278
10.09702185,-0.014934951,0.130941704
-6.652680067,0.023606168,-0.093004448
-1.569578141,-0.009442707,0.037300178
2.495627098,-0.004689332,0.005865103
1.33070373,0.004,0.004924087
7.262050833,0.006686217,-0.068041237
2.490562646,0.010330219,-0.076427651
-3.507508063,0.007874921,-0.040133779
-6.319896334,-0.01314367,0.012357884
3.652864176,0.006225501,0.010447761
-3.414582699,-0.000570907,0.193213949
-10.40527379,-0.017012045,0.142281338
6.531632033,0.004633384,-0.000383289
-12.86891556,-0.010364771,-0.102885345
2.521163457,0.001566034,0.032510288
9.911199459,0.001913043,-0.133942161
-1.169952129,0.010530603,-0.08902439
2.231628684,0.000285747,-0.100626118
-1.404247752,-0.009312689,-0.041023166
-2.359173383,-0.016669551,-0.013895782
-4.623090994,0.014446794,-0.0865
-1.028912961,-0.021966527,-3.122391427
1.192924596,0.010908875,-1.715
-0.588434703,0.010564,0.050304878
-3.537052117,0.001047181,0.161971831
0.660623784,-0.003893278,0.009535161
-0.355288559,0.002134287,-0.241092637
0.685030187,-0.007755501,-0.047839506
5.279686684,0.002424522,0.128089888
2.92107657,0.000172881,0.204603581
1.43373494,-0.002535292,0.038865546
2.785223898,0.013411955,0.066980638
1.038841216,0.000339789,0.156308851
8.223337807,0.009688934,-0.059952978
-2.944294167,-0.005211836,-0.02241594
4.296754223,-0.000959206,0.059528908
0.20651288,0.003098941,-0.014291548
-0.951962495,-0.004471272,0.052674561
-4.803627616,0.000722543,-0.000395257
2.128613417,-0.01056201,0.078247261
-1.239266909,0.006183249,0.064761216
-4.436080661,0.003637381,0.077548256
-7.738567347,0.008919115,-0.010051782
2.374601697,0.007024725,0.050172468
0.337678709,-0.008247196,0.011631375
-1.114396752,-0.003594338,-0.020618557
0.888112333,0.005933237,-0.014379868
5.91267173,0.001380529,0.030376671
-1.412952954,0.001490807,0.031531532
-5.742664613,-0.007059732,-0.038957235
-0.403714887,0.007290333,0.050155763
2.867850177,0.002814104,0.053741093
-2.443262329,0.013354583,0.006532235
0.079726798,0.01210115,0.035151856
2.263304902,0.009831161,0.011665762
-1.817594663,0.006684705,0.017682263
-4.562184791,0.013685848,0.059469595
-2.289476391,0.000356561,-0.03095661
0.900409622,0.002434201,0.018838305
0.049150767,-0.009867096,0.028571429
1.420833186,0.006232266,-0.070350473
6.33932529,-0.005557224,0
2.662282398,0.013794833,0.030252567
-0.422452259,0.006038292,0.035897436
-0.013534079,0.007007299,0.000790931
-2.503045972,-0.023309574,0.029146794
1.526113465,-0.002494131,0.023166023
-0.714620454,-0.045182496,0.032669729
-0.752511261,0.014258951,-0.007620452
-1.984260253,0.022362891,-0.049512378
0.595552272,-0.007129036,0.01760841
2.522554448,0.021621345,-0.015349194
-0.700431397,0.0097813,0.045837724
-0.088069272,-0.019995026,-0.009334006
-0.298079612,0.00625517,-0.000502008
-0.50498188,-0.004397627,0.021870287
-0.603531037,-0.004466348,0.001242854
-0.299288931,-0.006611912,0.007938477
0.865266369,0.006962352,-0.001474926
-0.733231157,-0.0154865,0.010375494
-1.785320892,0.019303226,-0.030584781
0.437850208,0.002381073,0.024507327
-3.248886872,0.002634646,-0.006195787
-12.46170972,-0.016238365,0.017424242
-0.794346606,-0.005695521,0.016029593
-4.345407204,-0.001909185,-0.005369783
1.418988552,0.002683179,-0.003192534
0.260960908,0.007992163,0.004183071
-1.897216619,0.004602874,0.032226322
3.062274961,-0.003019756,0.008666346
0.029795041,0.007594027,-0.020977354
0.811198323,0,0.005601559
-1.627272727,0.004639543,0.008240427
-1.061471737,-0.008995731,-0.014645858
-0.133954522,0.005637845,0.003403841
-3.362636957,-0.023859398,-0.033881897
4.26196326,-0.005474167,-0.00173525
-0.273843156,-0.019264081,0.015350334
4.77248834,0.005356473,0.022560078
-0.048118755,-0.003417525,0.015158807
-3.497619721,0.01052236,-0.005688552
0.510296139,0.008905852,-0.017869907
-0.324862262,-0.004045818,0.01060241
0.881666272,0.013271997,-0.008813721
-2.247192357,-0.001779173,0.025228256
-2.05360754,0.004814485,-0.007751938
0.945088317,-0.004692877,-0.00755965
-1.532702823,0.004355678,0.015388258
0.014093564,0.002380197,0.002336995
3.440056252,0.014643911,0.007746479
-0.317145689,-0.003152455,-0.003743566
-2.162668593,-0.016966741,-0.009590643
-6.900696504,0.006278358,0.003295669
-0.750622283,0.001521511,0.023371105
16.76391349,-0.003293773,0
6.63271672,0.004466162,-0.009436133
3.249512459,0.00472094,-0.000232666
-3.390871127,0.009363884,-0.006991377
2.207301903,-0.011829407,-0.001634368
-2.688246336,-0.000681878,-0.035099954
-0.143871217,-0.000157398,-0.006245496
0.992794989,0.003938248,-0.035878788
0.629590311,-0.01602262,-0.018241703
-1.024128484,-0.00505992,0.01109105
2.140932489,0.006424327,-0.068895643
-0.891571909,0.008257858,0.034248437
0.336494505,0.007382409,-0.013227513
-1.316606633,-0.00738104,0.008646312
-4.778272194,0.022801303,-0.001607717
0.406554103,0.000871795,0.026824034
2.614204727,-0.05194274,0.047196871
-3.394740801,0.006598358,0.019407813
1.014271712,-0.007728799,0.003417134
-0.507713182,0.005043189,-0.040751586
-1.490850512,0.005651525,-0.000757002
-2.019920475,0.000636065,0.004275654
0.228999884,-0.001641775,0.017929293
0.137326075,-0.002979516,0.00249066
-3.712864009,-0.005608974,0.013226853
-0.645697184,0.004075504,-0.031789059
-0.440382944,-0.016951863,0.027068437
-5.813626126,-0.017203951,-0.029573935
-4.713816191,-0.000441501,-0.04015544
0.596293733,-0.013244302,0.06
-5.578093584,-0.005528256,0.033545108
3.033811916,0.021681739,0.003012804
0.649086708,0.006101919,0.030007502
4.944547329,0.003926059,-0.017187122
-1.177559637,-0.00254784,-0.024009901
4.329165386,0.013524523,0.016949153
-2.572022442,0.004715717,0.02114954
-1.985775724,-0.019675802,-0.004133236
-1.315294595,-0.003038524,0
-0.023442577,0.001956522,0.003440649
-1.349155527,-0.00699187,0.019926199
2.702169269,0.013548211,-0.028869481
1.874001895,0.00075362,0.014985015
-0.525917267,0.011774781,-0.018714602
0.30451524,-0.001268968,-0.028470648
-2.283188928,-0.005335728,0.02539518
-1.560370859,-0.006744557,-0.040544008
-0.195870794,0.006700257,-0.032629045
-0.165325936,0.003142811,-0.007762684
0.843595785,-0.003497615,0.044551646
-2.663774894,0.002609159,0.017013233
0.770794463,0.006164311,0.02621232
-3.200741615,-0.002053712,-0.009701302
-3.883368353,0.020123677,-0.036325895
9.873275925,0.004316547,0.079003749
-1.752308037,-0.022634166,0.036331746
0.510675666,-0.004111371,-0.008135918
-0.768780233,-0.041666667,-0.008439836
5.186080523,0.000757002,-0.019785051
-2.448034919,-0.000650266,0.029126214
-0.840883933,-5.39E-05,-0.000241313
-0.704818372,0.003142609,0.011366385
-0.041776486,-0.009419152,0.003124249
0.732296584,0.006233596,0.010791367
0.845926198,0.014648438,0.014130947
0.996259924,-0.003358925,0.048319328
-1.927743783,-0.007524013,0.019857207
-0.700662434,0.000215216,-0.017260214
0.077968212,-0.002098241,-0.008061002
-3.264373116,-0.00291215,0
5.44785794,-0.003248159,-0.011756877
0.124029952,0.002546597,0.020279405
0.062005469,-0.000589812,0.014447655
5.441418716,-0.016205194,0.013584575
4.979829615,-0.001849334,-0.008450704
-1.104111015,-0.023603162,-0.00131406
-2.941877558,0.010421892,-0.001754386
4.851529982,0.008855398,0.023856424
-2.181400829,0.002783235,-0.008516074
2.056979979,0.002393516,0.005563878
-0.911793201,-0.009488695,0.013407108
8.626888638,-0.001205215,0.004621849
0.076804044,0.002228412,0.010658307
-1.133785563,-0.011321176,0.0138344
2.21475548,-0.000563063,-0.016481253
0.030179721,0.00157782,-0.018986021
-2.393582118,0.014814815,0.028424877
-0.682278906,-0.00187918,0.002911208
1.083964431,-0.003933518,-0.01264773
-0.614466051,-0.016344396,0.005867561
-3.204622488,-0.023773223,0.005609807
0.410255434,-0.005655586,0.003516029
-1.16613481,0.006268865,-0.016115702
3.297238253,-0.01192053,0.053820177
3.40337505,-0.004507141,0.016258531
5.238690238,0.001887572,0.005937067
-0.787278115,-0.013869299,0.025721579
2.275314812,0.022390282,-0.006276151
-1.667767087,0.004257801,0.019739364
0.351807317,-0.001391304,-0.007503283
-0.563700861,-0.000406858,0.013815291
-0.421685908,0.001563858,-0.026765799
-1.015245363,0.00011556,0.00211173
4.51254863,-0.001676301,0.003065134
1.66426863,-0.006472307,0.018846154
0.427036431,0.004377124,0.002070393
0.827196611,-0.004062947,0.003778575
2.594330089,-0.007868137,-0.015630885
-2.954080688,0.004224048,0.011500863
3.769283396,-0.005011521,-0.005670006
1.011241231,0.004167873,0.001705838
-0.92684689,-0.010274763,-0.005887939
1.139836797,-0.015761821,0.000958773
-4.250045435,0.017616703,0.03000577
0.129335673,0.011351668,0.023934181
-2.065444419,-0.000693642,0.011625795
4.726045745,0.007980569,0.004824875
-5.617337512,-0.001605136,0.006907545
0.018447781,0.011273438,0.015948125
0.83190844,-0.006660974,0.004302186
-0.270640329,-0.006764116,0.003934987
2.958806737,0.008890428,-0.002739726
-2.820639266,-0.005783326,0.026406628
-3.517987638,0.017390303,0.005999
-5.702046266,0.008726201,-0.004473161
0.423514682,-0.004609849,0.001167056
-1.477233446,0.004462016,0.014940239
-1.923758457,0.007869147,-0.018806744
0.097024618,-0.006965729,-0.015946844
4.51261972,-0.003475336,0.044327446
-1.695735021,0.002252125,-0.007882883
-0.105021992,-0.001291337,0.031489639
3.470350212,-0.001407341,0.00220855
0.853043302,-0.007632303,-0.030885597
-2.674766644,-0.002651772,-0.021146086
-9.58825019,0.013404219,-0.00796945
-1.305452808,-0.009591791,0.029051217
-0.445278422,0.003317589,0.045022921
0.506044028,0.016060436,0.030081047
-39.50530463,0.0087584,-0.024445111
16.22059121,0.001198649,-0.011123127
-7.245092852,-5.45E-05,0.009398496
3.650473274,-0.008377761,0.020401855
-6.181708962,0.004294681,-0.005306246
5.64302844,0.006406045,-0.002593045
1.513371883,0.011755783,-0.008112659
14.26057709,0.000374873,-0.002316602
0.751535609,0.006042135,-0.068612232
-0.28350071,0.006249332,0.031229013
-5.993980967,-0.000797703,0
11.19763413,0.000583369,-0.057441253
4.322648003,0.009079325,0.065853659
-0.997228931,0.000735913,-0.036842105
0.897652087,-0.000421208,0.042578659
-5.61295599,0.002895042,0.010339734
-1.925741181,0.001682616,-0.022756617
-5.695846328,0.003625854,-0.02133995
8.738712694,-0.019471343,0.032946714
0.250060599,0.010305975,-0.046341463
3.599110437,0.002375548,0.009013605
2.268882012,-0.003786285,0.008606142
-0.879617773,0.000580659,0.001344086
1.841980582,0.002643544,-0.007362784
-1.23413942,-0.011725117,0.00589722
8.225868846,-0.007288785,0.009054326
-1.808755918,-0.006103437,0.044837856
2.278070171,0.000214938,0.010027057
-1.042354482,-0.020691938,-0.003000632
-5.829857459,-0.002762275,0.006351223
0.261119826,0.010542425,-0.016228139
0.391895115,-0.00325258,-0.016669338
-0.954258458,0.002416952,0.005236459
0.448374096,-0.00084355,0.007948094
-3.600895092,0.001182632,-0.002417016
7.259807438,-0.000729517,0.015652735
-1.048156925,-0.008545087,0.013007614
3.156780204,0.00550542,0.020565149
-1.763926827,0.003388299,-0.020036991
-4.136405763,0.00326301,0.01335638
0.181432659,0.003748252,0.017976135
4.14800566,0.002838063,-0.012340105
5.014231339,-0.001995787,-0.008579746
0.281134587,0.004103815,0
0.448634244,-0.001437656,-0.00991307
2.043631608,0.001771185,0.005855162
1.059650856,0.009235193,0.009471433
-0.444200882,0.000164051,-0.029353612
13.43902887,-0.008575955,0.024126586
-1.8064425,-0.001324796,0.011755725
2.400928074,-0.001157982,-0.012663953
1.658570964,-0.004022703,-0.029411765
-0.873996108,0.000774422,-0.021138981
-0.249489833,-0.003091361,0.027306512
1.689713162,-0.001660762,0.03413183
1.347468674,0.001387732,0.000757346
9.219765076,0.001220595,0.002574197
-1.865455674,0.013414298,0.010429262
-2.659382328,-0.00834925,-0.009410007
-8.557725572,0.00286186,-0.001649175
-1.848610017,-0.001486129,0.00570742
2.905265568,0.000441087,0.015596881
5.656345087,-0.003305967,0.012354758
5.184357662,-0.024132396,0.000727167
-4.856530402,-0.021813031,0.010303294
0.701054964,-0.00017321,-0.004171461
3.189809835,0.013233934,0.010968394
0.545598594,-0.000627532,-0.000714184
0.427371062,0.013565891,0.007597477
-2.697662333,0.004997473,0.011554922
-4.655241115,-0.000726622,0.003255485
1.130299277,-0.001901779,0.013490725
0.099781897,-0.003576418,-0.004140787
-4.996944115,0.000673098,-0.008513608
2.090010025,0.014091624,0.007594937
-0.664805317,0.000497898,0.0299217
4.106662142,-0.007811202,-0.004767743
4.039734596,0.001226994,0.002331642
-1.553905807,0.013536096,0.000272926
2.876116521,-0.005160299,0.009956356
-2.572254097,0.003255711,-0.014596567
7.964421,-0.000385314,0.002748008
-6.710668048,-0.002587821,0
1.557256656,0.012255037,0.023537415
1.269769674,-0.019089174,0.001866169
-1.705942089,-0.001447581,-0.001063547
0.46906977,0.005081244,0.014637392
0.82901876,-0.002282597,-0.026277372
0.359290407,0.00257012,-0.022342586
-0.097832754,0.006853131,0.010669253
1.151810602,-0.006531606,0.017745018
-6.118427309,-0.02160958,-0.008563018
2.007246564,-0.001823777,0.014424373
0.088537088,0.00547258,-0.027138486
-1.385361446,0.00719343,-0.017955044
0.898299098,0.002140845,0.004616676
1.056009675,-0.010965408,-0.07091901
-0.648999629,0.004587945,0.012312312
-0.832635157,0.000114168,0.057938299
-0.810647836,-0.007142857,0.024067217
0.523295343,-0.006401384,0.00502022
-0.686615486,0.017960603,-0.003740648
4.206702967,0.000682905,-0.007892551
-0.627730188,0.002836718,0.006815021
-3.406366989,-0.005590693,0.016850829
-0.52525561,0.000738427,0.007355946
-0.943619594,-0.002608005,-0.035854418
-1.639451617,0.000227661,-0.013422819
1.157900577,-0.000967338,-0.030858931
0.838072171,0.003250456,0.015133706
-0.591541543,0.019484208,-0.012438531
1.027787019,0.002397413,-0.020624632
-1.575499973,-0.016135314,0.021540763
-0.311229577,-0.001018388,0.010801343
0.857493936,0.003229828,-0.003892734
-0.718007663,0.008760032,-0.00682049
3.029855305,-0.000336606,-0.006202924
-0.910679938,0.007063968,-0.012457363
1.929915527,0.007022628,-0.016821868
-2.157998148,-0.008459114,-0.013781356
0.605691682,0.002116992,-0.027010148
-0.584711585,0.002168233,0.059393157
0.744312878,-0.009769636,0.030515716
-0.652348465,0.005881364,0.010794026
0.14324958,-0.003008692,-0.008529412
-0.62933172,-0.014140398,0.014612546
-0.694529008,0.013334087,-0.001298701
0.225537897,0.013499944,-0.00982943
0.174453345,0.004064594,0.000583516
0.421905499,0.002134764,0.024893835
-0.523510179,0.007522486,-0.006737385
2.502188678,0.006697272,-0.006789945
1.36485623,0.002252856,0.000727273
0.894185431,-0.003204101,-0.010996961
-0.681746947,-0.005791195,0.013602457
1.701806439,0.009867889,-0.017589389
2.382577249,-0.004113907,0.025746653
11.05991619,-0.005097113,0.010180671
-1.121400259,-0.022477981,-0.002548131
1.781177249,-0.012384586,0.026144715
-0.008197814,-0.003012888,-0.000550585
2.123193322,-0.002343358,-0.008950702
4.108434947,-0.00557041,-0.022664071
-6.184302065,-0.005820135,-0.000424989
1.340847014,0.003882075,0.01947777
-0.246976741,-0.01182868,0.018479922
4.940318925,0.008194868,0.010103768
0.149426432,-0.004586899,0.016983421
-1.430311831,0.002922169,-0.001856025
1.440786727,0.000224077,0.006050013
-0.674601353,-0.004259373,0.00334314
1.808214394,0.004785228,0.010117146
-4.211083924,0.002297949,0.022661397
1.511926258,-0.008558962,0.017401392
1.864870801,-0.004176308,-0.020369433
-0.163245972,0.011417965,0.016883117
0.781000889,0.001887316,0.006213543
0.494414633,-0.003110765,0.011684885
3.107550254,-0.001507201,0.00173913
-2.737040098,0.007153236,-0.001737404
-1.594879909,0.003378378,0.008934111
0.843685503,-0.000773395,0.00981836
-2.71817533,-0.000662215,-0.001937046
1.142375965,-0.000442821,0.007162802
-0.13186425,0.004707576,0.006359491
0.859194445,0.00638415,-0.012921752
-3.658180537,-0.016392547,0.013920833
1.263515579,0.007495419,-0.002619671
-1.14331383,0.005453944,0.011108457
1.734540236,-0.011819286,-0.020500059
-0.529717444,0.003573423,0.006808511
2.139572853,0.001336005,0.005776868
-0.526505891,0.009548659,0.008277351
2.338810817,0.00329435,0.000476929
-4.474344425,-0.002355261,-0.026604069
-10.95566245,-0.003073377,-0.017086555
3.037593125,-0.003464013,0.023938516
-2.676175661,0.0160207,0.009860717
0.880424209,0.001085246,0.024221032
1.14617064,-0.004613047,-0.037738081
-2.37915062,0.003209487,0.002211031
0.913825486,0.004875406,-0.005171777
1.150569169,-0.010104285,0.002727498
0.493670225,-0.014494345,-0.002100581
0.510498282,-0.007223828,-0.027067296
-1.032883905,0.002008032,0.008552464
3.280124341,0.001445328,-0.033773489
1.063928477,0.005275433,0.01320132
1.564917948,-0.001825827,0.026680617
-0.127989659,0.001329345,-0.001146789
-0.060420475,0.007632743,-0.012375606
1.346790568,0.003513588,-0.130074036
-1.447208825,0.005254516,0.010400116
-4.606658437,0.001853871,-0.055111365
1.07888669,0.008264915,-0.02148933
-2.736568591,0.003866395,0.013256133
4.83192826,-0.009392678,-0.01837037
-0.462541669,0.008623013,0.03685467
0.393297382,0.016025641,0.033419392
0.425591807,-0.000841485,0.006957974
-0.725247024,0.002048857,-0.021787093
1.349743037,0.004839049,0.014006791
-0.59028207,0.007531775,-0.010410883
-1.461130098,-0.009913454,-0.00548369
-0.458888817,-0.010567413,0.007391613
-0.268107167,0.01854957,0.012590935
1.181551631,-0.011823369,-0.014738598
1.177411401,0.002174251,-0.026259455
-1.78406627,0.014495744,0.027597168
0.629643432,0.008794541,0.020906412
2.429779494,0.02113943,0.010406682
1.145949271,-0.034948063,0.029844644
2.195166977,0.003813729,0.000131631
0.67119918,-0.007648853,0.006838506
1.40056047,-0.014029265,0.005353878
-0.934054114,-0.012284383,-0.018914688
-0.023466429,-0.005676788,0.005152596
0.763976532,0.007654908,0.0127598
-1.615018692,-0.007187227,0.008681005
0.36186175,0.003839369,0.028741585
1.257272029,-0.007367336,-0.009042954
2.158801858,0.008461818,-0.008240365
1.349023866,0.009646467,0.035705177
7.312846348,-0.001731866,0.01548292
1.469162608,-0.009070064,-0.008452065
-0.352922852,-0.004773765,0.025572005
1.45994834,0.007796258,0.000596801
-0.632258291,0.008620245,-0.001789122
0.173066946,-0.009627265,0.013164137
4.474511862,0.00358051,0.004041104
-2.711613827,-0.005058587,0.007769918
1.426913104,-0.002334509,0.006739979
0.775954262,0.005030859,-0.018843481
1.702789802,0.005841907,0.017231135
-0.213907621,-0.000718096,0.024513254
-1.541402857,0.009553489,-0.006196213
3.497512478,0.007206293,-0.007771429
0.859127481,-0.003381106,0.008004574
10.22347976,0.003992924,0.000567215
-0.064785036,-0.01120533,-0.001018676
-4.888532875,0.001485123,0.026028643
4.432357288,,0.023505932
-0.947909868,,-0.005445437
-0.203543616,,-0.024879965
2.530069209,,-0.002225684
3.87401374,,-0.001444284
0.177082406,,0.034444444
-1.529346742,,0.016505165
-0.700454773,,-0.029104714
4.741304757,,0.015724976
5.662032372,,0.009460946
0.661065111,,-0.006111536
0.14101897,,0.004385003
4.790592047,,0.011242087
0.258045012,,0.00653951
-1.547118767,,0.003924133
-0.249159873,,0.003134457
4.311844342,,-0.018538363
-2.301096033,,0.007685019
-8.383857324,,0.076178583
-0.058019286,,0.032486931
3.385857138,,-0.032875236
2.625023702,,0.071507966
8.308331042,,-0.01590703
-4.726422341,,0.025109804
2.340159531,,-0.128028237
1.134238141,,-0.039760891
-3.973877504,,0.031512407
2.665610753,,-0.058581612
1.105827031,,-0.057098162
-0.990615574,,-0.00199517
-4.397111687,,0.080134256
1.18515988,,0.010422698
-1.546062868,,0.066489109
-1.195739643,,-0.010097431
4.281089544,,0.055856684
1.947504053,,-0.018607495
0.511864674,,0.019239374
0.792479281,,-0.061636557
9.827281698,,0.007441771
6.8507353,,0.024515393
1.360871863,,-0.066728711
3.09087266,,-0.019361849
-1.536756557,,0.043759474
-3.137126666,,-0.016399768
4.801565853,,-0.049486369
-2.4275969,,-0.011630301
2.138436898,,0.011217454
4.144634896,,-0.041768293
7.206564135,,0.057055795
-0.799217918,,0.033098801
3.035857107,,0.026391555
1.128458438,,0.011024946
5.442906701,,-0.048167053
0.166507651,,-0.002911208
1.410818767,,
9.704960844,,
2.559636007,,
-3.064662023,,
6.126274822,,
8.305947093,,
7.242225592,,
2.917214438,,
-1.22881832,,
-4.834836768,,
-7.196719687,,
-3.838225921,,
9.75715987,,
4.744593322,,
-6.138656556,,
-2.020963361,,
-0.462203341,,
2.250607746,,
-1.995960949,,
-1.208040568,,
-13.02038472,,
6.784586667,,
-2.646433991,,
0.567055303,,
-0.016274301,,
0.662177534,,
-6.462109887,,
9.889504018,,
2.649290432,,
0.048472418,,
-3.414510568,,
1.30964371,,
5.815391491,,
6.05017209,,
-1.817105996,,
3.664625785,,
2.344309066,,
-0.983435598,,
19.53613919,,
0.098242884,,
-3.474419232,,
7.056685498,,
-1.419802012,,
-0.305424208,,
3.013373687,,
-1.377858222,,
2.551287697,,
6.07785531,,
-1.084219613,,
8.444557899,,
-0.115926734,,
2.806852791,,
-5.790879488,,
-9.607864417,,
1.606021558,,
-5.238885978,,
-1.692791287,,
-0.368326473,,
-2.099637621,,
9.86597498,,
-2.329049903,,
3.948996431,,
-3.9231474,,
0.780624504,,
0.277741251,,
4.274664397,,
2.778816192,,
4.791047973,,
1.780274943,,
3.440492921,,
-0.954474527,,
6.932105501,,
-3.628254254,,
-5.715673202,,
2.329907994,,
3.536386346,,
-2.146912641,,
0.674884197,,
0.12453901,,
-1.288226751,,
-5.698729032,,
0.476376697,,
-3.75238302,,
-1.930801783,,
7.275365551,,
1.438512518,,
-0.070784709,,
3.330760618,,
1.9278236,,
-0.010247407,,
-0.032380277,,
0.390937059,,
-3.219795891,,
2.015811905,,
1.594412289,,
-1.925993899,,
-3.511948519,,
3.796156233,,
0.111953816,,
2.797572518,,
0.390335278,,
-0.23133796,,
6.206129935,,
-0.968116246,,
0.318379124,,
-2.887866351,,
-2.165409822,,
-6.427052193,,
-0.92051631,,
1.423360249,,
-4.674116083,,
-3.898034529,,
-1.094601666,,
-2.079257202,,
-1.960264419,,
10.05697136,,
1.871415138,,
-0.301298063,,
-2.354273028,,
7.729007562,,
0.178726022,,
-2.109335463,,
1.044889897,,
-6.943191103,,
7.952365424,,
-1.814938372,,
1.633285858,,
2.698328148,,
-1.062896012,,
-4.163213333,,
1.529808403,,
-12.42050029,,
0.270140692,,
0.341299471,,
-6.181606832,,
-0.708872551,,
-6.222242613,,
-1.580779282,,
-14.37507964,,
10.5134461,,
-8.077355949,,
0.500169738,,
-7.483639899,,
11.86470343,,
-1.25291831,,
2.393207308,,
-1.81423335,,
-7.439659341,,
-2.962947177,,
2.994120817,,
4.524391113,,
-1.505161081,,
2.381342341,,
4.466779243,,
-6.160454437,,
-3.573120748,,
0.789051266,,
-6.267461646,,
-0.524928361,,
12.00465537,,
-1.905234427,,
1.783502459,,
-4.783753768,,
9.774484529,,
3.833184352,,
-0.9187418,,
-4.470902107,,
-0.66763149,,
-5.967321529,,
-0.940132572,,
0.328150487,,
-11.21129478,,
2.832405267,,
3.59435809,,
2.933980538,,
-8.881582364,,
2.240809423,,
7.485801636,,
-0.598227966,,
4.107390979,,
-2.41347393,,
-4.395234698,,
0.848358905,,
2.612253282,,
1.780806666,,
-4.528406578,,
1.572744556,,
-1.045878991,,
-2.91299036,,
2.859558014,,
-0.925425119,,
2.256881276,,
-3.42207887,,
-1.07948937,,
0.277734323,,
-2.864196041,,
-1.539224628,,
0.434012897,,
0.820080666,,
-2.954569699,,
-3.402438095,,
7.902460999,,
0.445861517,,
4.170365199,,
1.855378916,,
3.26754425,,
5.247389702,,
5.951828251,,
1.426757139,,
-0.007721222,,
5.467172799,,
-1.764023242,,
-3.898524523,,
-1.762723314,,
-2.400728947,,
3.968221563,,
2.868074225,,
4.831843213,,
4.051813309,,
-1.745850696,,
5.614969599,,
-1.435451288,,
-0.162334101,,
-2.442657953,,
7.657512175,,
-1.530293207,,
-0.201153638,,
-2.283250543,,
-2.625960485,,
0.020896748,,
4.611362532,,
5.478648487,,
-1.014953225,,
0.85482165,,
0.506973912,,
-3.667169474,,
2.72540531,,
-4.348183868,,
4.75204221,,
-0.355717049,,
-0.260801896,,
-3.660055479,,
0.251112585,,
3.629719099,,
0.893516581,,
1.528043645,,
-0.164726589,,
3.684756901,,
1.752462668,,
-11.01744572,,
-1.750128071,,
0.753187251,,
-3.328430521,,
0.739236701,,
1.885079985,,
-2.356316307,,
4.830363198,,
2.161484296,,
-0.797108979,,
-0.917155605,,
2.098859238,,
-2.176310109,,
-8.945752433,,
-5.305528279,,
6.897220485,,
3.028702507,,
-4.579690389,,
-0.326881813,,
1.148963585,,
-2.34830599,,
-2.659265648,,
1.216989344,,
5.538469171,,
9.862161145,,
-1.052520066,,
1.186357311,,
2.126410347,,
4.564882063,,
7.466216092,,
-2.765578957,,
0.309025416,,
1.842345763,,
-0.52906548,,
5.145245038,,
-2.565486977,,
2.446724292,,
-0.039898325,,
7.54077653,,
-1.292068643,,
1.072285648,,
0.782598972,,
3.669007315,,
2.677044501,,
-5.769953365,,
-2.419768093,,
0.986220887,,
-0.709011328,,
3.658962648,,
-4.359580195,,
-3.174884437,,
3.701973381,,
2.769764873,,
-0.633713338,,
-0.904295708,,
-0.634096582,,
3.790555813,,
-0.512633784,,
-2.387223834,,
-0.745809798,,
0.870410951,,
2.933059728,,
6.720419486,,
-0.856205819,,
-3.084857173,,
-0.16670155,,
-1.006603704,,
0.40201353,,
1.769322496,,
-2.918797279,,
-5.577805996,,
0.476199436,,
-5.722508926,,
2.040054405,,
2.842735858,,
-1.818028952,,
-4.044034481,,
2.306813032,,
-0.70031487,,
3.188877371,,
-8.876877808,,
1.8563681,,
4.675758506,,
0.875357421,,
-1.429116635,,
0.410022307,,
-1.230639932,,
-5.104448567,,
-8.29942697,,
0.496150142,,
2.116756876,,
0.291503633,,
-0.232778107,,
-5.796574244,,
-0.831708246,,
4.771795147,,
1.34421975,,
-6.695082701,,
3.51268319,,
1.092394121,,
-2.522460871,,
-3.151595616,,
1.518733649,,
-0.327194906,,
0.498958468,,
4.211328901,,
-0.612486727,,
4.632074021,,
-0.037018955,,
-0.827095794,,
0.745679486,,
-0.145818415,,
-6.228028237,,
-2.269657372,,
1.412277632,,
-1.918364003,,
3.257940326,,
-0.914617919,,
-1.776586732,,
-1.32215622,,
-5.194797261,,
-0.848838488,,
-3.518428682,,
0.272479171,,
0.443572825,,
-0.1006339,,
2.16821141,,
2.746055458,,
-3.057993082,,
1.178640619,,
0.056502607,,
-0.02931463,,
-2.019982513,,
0.356597601,,
-1.634180296,,
-2.350192031,,
-10.41178518,,
-3.769730591,,
3.344974341,,
1.147206959,,
0.812785475,,
-0.403102738,,
0.958670088,,
1.497439055,,
1.193825419,,
-0.746905101,,
1.544675206,,
0.591911488,,
-4.6472388,,
1.125422365,,
11.42332838,,
-0.45490081,,
2.412294056,,
3.442874108,,
0.463047551,,
0.748632019,,
-1.977048506,,
-2.578914019,,
-0.367822233,,
-0.388958514,,
1.146844566,,
4.722876701,,
-1.506998003,,
-7.653493357,,
-1.335950919,,
0.261967332,,
-4.222342928,,
-3.591668927,,
3.302433842,,
-2.564246764,,
2.891783682,,
2.32329942,,
-0.261198863,,
-3.624178197,,
14.48555243,,
2.922150139,,
-1.189116908,,
-3.278405048,,
-7.785697461,,
0.636829112,,
-2.480229311,,
-1.12647316,,
1.954879974,,
8.290802396,,
-6.00762487,,
-1.756480707,,
0.200854283,,
-2.654162163,,
5.013639125,,
-0.98569825,,
4.668163429,,
-0.47699069,,
2.05196309,,
1.062371775,,
-2.225106295,,
-0.629778749,,
3.321451061,,
1.224219641,,
2.585421274,,
0.731278298,,
0.447068094,,
5.204277478,,
0.62879369,,
0.663360229,,
-0.773272107,,
-3.309361628,,
1.698822356,,
-1.020860786,,
1.301783699,,
0.373108921,,
-2.324899904,,
-5.114716092,,
0.634044522,,
-2.744186796,,
1.187990539,,
-1.391941238,,
-6.23451541,,
1.377393882,,
2.677083814,,
-2.929441151,,
1.526023619,,
-0.427082332,,
-1.735023663,,
2.830326344,,
1.696154004,,
-0.325354594,,
2.837696717,,